php-S905	javascript-S2259
php-S905	php-S836
php-S905	php-S2201
php-S905	php-S2068
javascript-S2259	php-S905
javascript-S2259	php-S836
javascript-S2259	php-S2201
javascript-S2259	php-S2068
php-S836	php-S905
php-S836	javascript-S2259
php-S836	php-S2201
php-S836	php-S2068
php-S2201	php-S905
php-S2201	javascript-S2259
php-S2201	php-S836
php-S2201	php-S2068
php-S2068	php-S905
php-S2068	javascript-S2259
php-S2068	php-S836
php-S2068	php-S2201
javascript-S2137	javascript-DuplicatePropertyName
javascript-S2137	javascript-S2259
javascript-S2137	javascript-S2819
javascript-S2137	php-S2068
javascript-DuplicatePropertyName	javascript-S2137
javascript-DuplicatePropertyName	javascript-S2259
javascript-DuplicatePropertyName	javascript-S2819
javascript-DuplicatePropertyName	php-S2068
javascript-S2259	javascript-S2137
javascript-S2259	javascript-DuplicatePropertyName
javascript-S2259	javascript-S2819
javascript-S2819	javascript-S2137
javascript-S2819	javascript-DuplicatePropertyName
javascript-S2819	javascript-S2259
javascript-S2819	php-S2068
php-S2068	javascript-S2137
php-S2068	javascript-DuplicatePropertyName
php-S2068	javascript-S2819
javascript-S2259	javascript-S3981
javascript-S2259	javascript-S2583
javascript-S2259	javascript-S3812
javascript-S2259	javascript-S905
javascript-S2259	javascript-S3001
javascript-S2259	javascript-S3403
javascript-S3981	javascript-S2259
javascript-S3981	javascript-S2583
javascript-S3981	javascript-S3812
javascript-S3981	javascript-S905
javascript-S3981	javascript-S3001
javascript-S3981	javascript-S2137
javascript-S3981	javascript-S3403
javascript-S2583	javascript-S2259
javascript-S2583	javascript-S3981
javascript-S2583	javascript-S3812
javascript-S2583	javascript-S905
javascript-S2583	javascript-S3001
javascript-S2583	javascript-S2137
javascript-S2583	javascript-S3403
javascript-S3812	javascript-S2259
javascript-S3812	javascript-S3981
javascript-S3812	javascript-S2583
javascript-S3812	javascript-S905
javascript-S3812	javascript-S3001
javascript-S3812	javascript-S2137
javascript-S3812	javascript-S3403
javascript-S905	javascript-S2259
javascript-S905	javascript-S3981
javascript-S905	javascript-S2583
javascript-S905	javascript-S3812
javascript-S905	javascript-S3001
javascript-S905	javascript-S2137
javascript-S905	javascript-S3403
javascript-S3001	javascript-S2259
javascript-S3001	javascript-S3981
javascript-S3001	javascript-S2583
javascript-S3001	javascript-S3812
javascript-S3001	javascript-S905
javascript-S3001	javascript-S2137
javascript-S3001	javascript-S3403
javascript-S2137	javascript-S3981
javascript-S2137	javascript-S2583
javascript-S2137	javascript-S3812
javascript-S2137	javascript-S905
javascript-S2137	javascript-S3001
javascript-S2137	javascript-S3403
javascript-S3403	javascript-S2259
javascript-S3403	javascript-S3981
javascript-S3403	javascript-S2583
javascript-S3403	javascript-S3812
javascript-S3403	javascript-S905
javascript-S3403	javascript-S3001
javascript-S3403	javascript-S2137
php-S2964	php-S2068
php-S2068	php-S2964
