php-S2964	php-S2068
php-S2964	php-S2115
php-S2964	php-S1848
php-S2964	php-S2201
php-S2964	Web-PageWithoutTitleCheck
php-S2964	javascript-S2259
php-S2964	javascript-S2189
php-S2964	php-S3923
php-S2964	php-S836
php-S2964	javascript-S3403
php-S2068	php-S2964
php-S2068	php-S2115
php-S2068	php-S1848
php-S2068	php-S2201
php-S2068	Web-PageWithoutTitleCheck
php-S2068	javascript-S2259
php-S2068	javascript-S2189
php-S2068	php-S3923
php-S2068	php-S836
php-S2068	javascript-S3403
php-S2115	php-S2964
php-S2115	php-S2068
php-S2115	php-S1848
php-S2115	php-S2201
php-S2115	Web-PageWithoutTitleCheck
php-S2115	javascript-S2259
php-S2115	javascript-S2189
php-S2115	php-S3923
php-S2115	php-S836
php-S2115	javascript-S3403
php-S1848	php-S2964
php-S1848	php-S2068
php-S1848	php-S2115
php-S1848	php-S2201
php-S1848	Web-PageWithoutTitleCheck
php-S1848	javascript-S2259
php-S1848	javascript-S2189
php-S1848	php-S3923
php-S1848	php-S836
php-S1848	javascript-S3403
php-S2201	php-S2964
php-S2201	php-S2068
php-S2201	php-S2115
php-S2201	php-S1848
php-S2201	Web-PageWithoutTitleCheck
php-S2201	javascript-S2259
php-S2201	javascript-S2189
php-S2201	php-S3923
php-S2201	php-S836
php-S2201	javascript-S3403
Web-PageWithoutTitleCheck	php-S2964
Web-PageWithoutTitleCheck	php-S2068
Web-PageWithoutTitleCheck	php-S2115
Web-PageWithoutTitleCheck	php-S1848
Web-PageWithoutTitleCheck	php-S2201
Web-PageWithoutTitleCheck	javascript-S2259
Web-PageWithoutTitleCheck	javascript-S2189
Web-PageWithoutTitleCheck	php-S3923
Web-PageWithoutTitleCheck	php-S836
Web-PageWithoutTitleCheck	javascript-S3403
javascript-S2259	php-S2964
javascript-S2259	php-S2068
javascript-S2259	php-S2115
javascript-S2259	php-S1848
javascript-S2259	php-S2201
javascript-S2259	Web-PageWithoutTitleCheck
javascript-S2259	javascript-S2189
javascript-S2259	php-S3923
javascript-S2259	php-S836
javascript-S2259	javascript-S3403
javascript-S2189	php-S2964
javascript-S2189	php-S2068
javascript-S2189	php-S2115
javascript-S2189	php-S1848
javascript-S2189	php-S2201
javascript-S2189	Web-PageWithoutTitleCheck
javascript-S2189	javascript-S2259
javascript-S2189	php-S3923
javascript-S2189	php-S836
javascript-S2189	javascript-S3403
php-S3923	php-S2964
php-S3923	php-S2068
php-S3923	php-S2115
php-S3923	php-S1848
php-S3923	php-S2201
php-S3923	Web-PageWithoutTitleCheck
php-S3923	javascript-S2259
php-S3923	javascript-S2189
php-S3923	php-S836
php-S3923	javascript-S3403
php-S836	php-S2964
php-S836	php-S2068
php-S836	php-S2115
php-S836	php-S1848
php-S836	php-S2201
php-S836	Web-PageWithoutTitleCheck
php-S836	javascript-S2259
php-S836	javascript-S2189
php-S836	php-S3923
php-S836	javascript-S3403
javascript-S3403	php-S2964
javascript-S3403	php-S2068
javascript-S3403	php-S2115
javascript-S3403	php-S1848
javascript-S3403	php-S2201
javascript-S3403	Web-PageWithoutTitleCheck
javascript-S3403	javascript-S2259
javascript-S3403	javascript-S2189
javascript-S3403	php-S3923
javascript-S3403	php-S836
php-S2964	php-S3699
php-S2964	javascript-S2583
php-S2964	javascript-S905
Web-PageWithoutTitleCheck	php-S3699
Web-PageWithoutTitleCheck	javascript-S2583
Web-PageWithoutTitleCheck	javascript-S905
php-S3699	php-S2964
php-S3699	Web-PageWithoutTitleCheck
php-S3699	javascript-S2583
php-S3699	php-S2201
php-S3699	javascript-S905
php-S3699	javascript-S2259
javascript-S2583	php-S2964
javascript-S2583	Web-PageWithoutTitleCheck
javascript-S2583	php-S3699
javascript-S2583	php-S2201
javascript-S2583	javascript-S905
javascript-S2583	javascript-S2259
php-S2201	php-S3699
php-S2201	javascript-S2583
php-S2201	javascript-S905
javascript-S905	php-S2964
javascript-S905	Web-PageWithoutTitleCheck
javascript-S905	php-S3699
javascript-S905	javascript-S2583
javascript-S905	php-S2201
javascript-S905	javascript-S2259
javascript-S2259	php-S3699
javascript-S2259	javascript-S2583
javascript-S2259	javascript-S905
php-S2964	php-S1764
php-S1848	php-S1764
php-S836	php-S1764
php-S1764	php-S2964
php-S1764	php-S1848
php-S1764	php-S836
php-S1848	php-S1763
php-S836	php-S1763
php-S1763	php-S1848
php-S1763	php-S836
javascript-S2137	php-S1848
php-S1848	javascript-S2137
